Hashtag,Count
fyp,2074
foryou,901
viral,686
foryoupage,609
funny,287
nfl,249
trending,222
fy,164
asmr,149
tiktok,137
football,130
xyzbca,129
parati,126
comedy,118
love,105
anime,103
trend,102
capcut,102
art,98
taylorswift,97
hazbinhotel,96
fortnite,95
meme,94
relatable,93
fypage,93
booktok,89
gaming,88
superbowl,87
chiefs,85
49ers,83
diy,82
viralvideo,81
satisfying,80
edit,79
foryourpage,78
music,78
animals,78
traviskelce,78
real,70
nba,69
cute,64
alastor,63
funnyvideos,59
memes,59
basketball,57
duet,56
christmas,56
teacher,55
aesthetic,55
wwe,54
skincare,54
jujutsukaisen,52
lol,51
nflplayoffs,51
nflfootball,50
jjk,50
pokemon,50
brockpurdy,50
lamarjackson,50
school,49
xybca,48
blowthisup,48
kansascitychiefs,48
baby,47
hazbinhoteledit,46
humor,45
motivation,45
goviral,44
food,44
catsoftiktok,44
selfcare,44
prank,43
cleantok,43
greenscreen,43
books,43
patrickmahomes,43
fortniteclips,42
stitch,42
ravens,42
cosplay,41
cats,40
sports,40
dog,40
cat,40
palworld,40
marriage,39
gamingontiktok,39
4u,38
cooking,38
2024,38
scary,38
dogs,38
angeldust,38
winter,37
gojo,37
snow,36
cottagecore,36
drawing,35
artist,35
sanfrancisco49ers,35
kobe,35
family,34
learnontiktok,34
fitness,34
skateboarding,34
kids,34
niners,34
teachersoftiktok,33
song,33
home,33
minecraft,32
viraltiktok,32
fun,32
nature,32
pet,32
selflove,32
vintage,32
netflix,32
cleaning,32
baltimoreravens,32
xyzabc,31
newyear,31
sukuna,31
cold,31
baking,31
afcchampionship,31
alastorhazbinhotel,31
lildurk,31
ocean,30
usa,30
money,30
pov,30
inspiration,30
pink,30
book,30
nickiminaj,30
nfcchampionship,30
dance,29
momsoftiktok,29
entertainment,29
tutorial,29
gift,29
lgbt,29
r6,29
annafrey,29
afc,29
megantheestallion,29
kobebryant,29
fortnitememes,28
pets,28
asmrsounds,28
videogames,28
finance,28
witch,28
mahomes,28
foodie,27
texas,27
oddlysatisfying,27
painting,27
repost,27
math,27
dc,27
gymtok,27
witchtok,27
alt,27
crypto,27
fail,26
sad,26
merrychristmas,26
gamer,26
loveyou,26
fortnitefunny,26
happynewyear,26
you,26
trendingvideo,26
goth,26
dontletthisflop,26
giftideas,26
guitar,26
cover,26
plants,26
haircut,25
on,25
capcutamor,25
paratiiiiiiiiiiiiiiiiiiiiiiiiiiiiiii,25
writing,25
homedecor,25
relationships,25
coquette,25
husband,25
wife,25
14defebrero,25
tiktokshop,25
wlw,25
eagles,25
wow,24
couple,24
navidad,24
reaction,24
adios2023,24
truck,24
happyholidays,24
furry,24
haircare,24
healing,24
poetry,24
crafts,24
contentcreator,24
car,24
health,24
wrestling,24
curlyhair,24
traviskelcetaylorswift,24
palworldgame,24
skating,24
mom,23
mentalhealth,23
fyppppppppppppppppppppppp,23
fypp,23
newyears,23
explore,23
megumi,23
workout,23
bmw,23
movie,23
haul,23
thrifting,23
loganpaul,23
outfitinspo,23
rainbowsixsiege,23
construction,23
alastoredit,23
49ersfaithful,23
skater,23
blm,23
twilight,22
musical,22
couples,22
creepy,22
cow,22
reddit,22
influencer,22
conservative,22
fashion,22
mw3,22
fortnitemmes,22
halloween,22
content,22
psychology,22
pregnant,22
hiss,22
austinmcbroom,22
otf,22
creepytok,22
forbiddenromance,22
diadesanvalentin,22
rollerskating,22
transition,22
2023,21
xbcyza,21
joshhutcherson,21
memecut,21
greenscreenvideo,21
makeup,21
callofduty,21
storytime,21
amor,21
animation,21
gojousatoru,21
rge,21
tv,21
traveling,21
jello,21
songwriting,21
skate,21
sahm,21
girlmom,21
pubgmobile,21
pregnancy,21
tiktokshopblackfriday,21
tiktokshopping,21
skiing,21
tutorials,21
congelar,21
glutesworkout,21
thefloridaproject,21
bigfoot,21
crescentcity,21
border,21
astro,21
forvou,21
corecore,21
lifecoaching,21
hamilton,21
share,20
pourtoi,20
rap,20
horror,20
amazing,20
hair,20
fpy,20
bookish,20
feliz2024,20
trucktok,20
sanvalentin,20
worklife,20
madeforme,20
scatpack,20
regalodedios,20
grass,20
mogger,20
mariahthescientist,20
trendingbooks2024,20
tiktokshopvalentinesday,20
justintimberlake,20
ios16,20
takemehome,20
lukadoncic,20
mobilecontroller,20
mrbeast,20
mrbeastfans,20
tekken,20
brainrot,20
pickleball,20
rot,20
league,20
sword,20
atla,20
goblincore,20
welding,20
bean,20
smallhouse,20
birb,20
foraging,20
cursed,20
croc,20
dnd,20
yoga,20
timemanagement,20
financial,20
groceryhauls,20
instrument,20
witches,20
rugtok,20
coding,20
twitch,19
funnyvideo,19
lgbtq,19
skincareroutine,19
bestie,19
cars,19
digitalart,19
helluvaboss,19
royalrumble,19
astrology,19
sheraseven,19
gay,18
weeb,18
disney,18
beauty,18
handmade,18
singing,18
iphone,18
enemiestolovers,18
valentinesday,18
husbandwife,18
kansascity,18
playoffs,18
foru,17
boyfriend,17
2022,17
transformation,17
taylorsversion,17
travel,17
grwm,17
kawaii,17
couplegoals,17
ootd,17
cod,17
gym,17
mexico,17
romancebooktok,17
gsdtricktips2022,17
crazy,16
highschool,16
dad,16
comedia,16
animeedit,16
surprise,16
dogsoftiktok,16
ice,16
wildlife,16
laugh,16
momlife,16
acotar,16
amazonfinds,16
nflmemes,16
swiftie,16
college,16
swifties,16
lifecoach,16
relationship,15
student,15
nintendo,15
lifehacks,15
babiesoftiktok,15
for,15
clean,15
spa,15
video,15
kaliuchis,15
dlaciebie,15
science,15
howto,15
reading,15
jokes,15
swifttok,15
cake,15
smallbusiness,15
taylornation,15
baltimore,15
witchcraft,15
bookrecommendations,15
kindleunlimitedromance,15
feminineenergy,15
beatbox,14
roblox,14
nostalgia,14
parents,14
cincinnatibengals,14
soccer,14
espn,14
elbruso,14
naruto,14
iceskating,14
xyzcba,14
artistsoftiktok,14
pinterest,14
bookworm,14
bookrecs,14
momtok,14
erastour,14
kingvon,14
hacks,14
sprinklesprinkle,14
confidence,14
hypergamy,14
childhood,13
bestfriend,13
fnaf,13
like,13
memestiktok,13
bengals,13
fup,13
edits,13
tips,13
wtf,13
cool,13
happy,13
summer,13
canada,13
spirituality,13
tiktokindia,13
viralvideos,13
familia,13
asmrvideo,13
joke,13
asmrtiktoks,13
amazon,13
joeburrow,13
sport,13
dodge,13
philadelphiaeagles,13
radiodemon,13
bookscenes,13
avatarthelastairbender,13
innerwork,13
datingtips,13
datingadviceforwomen,13
providermen,13
polarity,13
masculineenergy,13
pedestalwife,13
5050,13
5050relationship,13
5050dating,13
westernwomen,13
easternwomen,13
relationshipcoach,13
lifeskills,13
wholesome,12
paratii,12
squidgame,12
humour,12
footballtiktok,12
zyxcba,12
thatgirl,12
blessed,12
foodtiktok,12
lmao,12
country,12
routine,12
omg,12
motorcycle,12
girlfriend,12
creative,12
craft,12
jasonkelce,12
hellcat,12
teachertok,12
hairstyle,12
figureskating,12
palworldgameplay,12
booktokfyp,12
romancebooks,12
llamallamaredpajama,12
katana,12
datingtipsforwomen,12
computerscience,12
ps5,11
pegar,11
girls,11
warzone,11
restock,11
organize,11
camping,11
mentalhealthmatters,11
friends,11
yes,11
uk,11
rihanna,11
life,11
puppy,11
ohio,11
tech,11
apple,11
carsoftiktok,11
yamaha,11
tiktokmademebuyit,11
facts,11
kelce,11
nfltiktok,11
groceryhaul,11
dadsoftiktok,11
anxiety,11
beforeandafter,11
entrepreneur,11
nyc,11
sanfrancisco,11
taylorswifttraviskelce,11
glutes,11
mindset,11
witchesoftiktok,11
success,11
psychologyfacts,11
interview,10
sea,10
streamer,10
ogfortnite,10
rich,10
kpop,10
spiderman,10
react,10
f,10
relax,10
goals,10
productivity,10
teacherlife,10
lifestyle,10
boxing,10
awesome,10
toddlersoftiktok,10
frozen,10
cardib,10
cows,10
spanight,10
spanightroutine,10
hygiene,10
bear,10
work,10
piano,10
lyrics,10
wedding,10
gamergirl,10
diyproject,10
party,10
guitartok,10
youtube,10
whattoplay,10
beautiful,10
babygirl,10
rugmaking,10
detroitlions,10
fairycore,10
jynxziclips,10
jynxzi,10
1soul,10
scarystories,10
sigma,10
chiefskingdom,10
deebosamuel,10
aftereffects,10
lucifer,10
georgekittle,10
nfc,10
hazbinhotelalastor,10
kindleunlimited,10
throneofglass,10
looksmaxxing,10
avatar,10
interiordesign,10
advice,10
levelup,10
python,10
haha,9
couplecomedy,9
siblings,9
respect,9
quotes,9
pranks,9
joshhutchersonedit,9
follow,9
glowup,9
musicaltheatre,9
weightloss,9
vr,9
whodey,9
crush,9
chicago,9
micdup,9
athlete,9
popular,9
survival,9
nbadraft,9
minecraftmemes,9
barber,9
kitten,9
chocolate,9
manga,9
pyf,9
famous,9
hot,9
universe,9
forest,9
hairtok,9
help,9
animal,9
gothic,9
lifehack,9
itadori,9
liberal,9
decor,9
thrifted,9
joeshiesty,9
joebrrrr,9
strangerthings,9
crash,9
catlover,9
cleaningtiktok,9
truecrime,9
games,9
birthday,9
tufting,9
speed,9
candy,9
rainbowsix,9
kittensoftiktok,9
politics,9
photography,9
skitok,9
philadelphia,9
starwars,9
angeldusthazbinhotel,9
hazbinhotelseason1,9
agegapromance,9
brycehall,9
spicybooktok,9
angstyromance,9
mewing,9
emo,9
zodiacsigns,9
zodiac,9
tuftinggun,9
brother,8
funnymoments,8
christmastree,8
funnymemes,8
newborn,8
hilarious,8
arianagrande,8
new,8
story,8
blowup,8
business,8
refill,8
vaiprofycaramba,8
bees,8
flowers,8
fish,8
procreate,8
pinchetiktokponmeenparati,8
memories,8
water,8
vlog,8
4you,8
spooky,8
horrortok,8
traveltiktok,8
buffalobills,8
selfimprovement,8
australia,8
trendingnow,8
reels,8
game,8
tattoo,8
ios,8
computer,8
foodreview,8
cartok,8
timelapse,8
blackcat,8
acomaf,8
thrift,8
podcast,8
singer,8
followme,8
letsplay,8
joeyb,8
lsufootball,8
marvel,8
police,8
dating,8
satisfyingvideo,8
rug,8
petsoftiktok,8
coquetteaesthetic,8
wealth,8
mmkx007,8
kidsoftiktok,8
tiktokshopcybermonday,8
goodmorning,8
harrypotter,8
cowboys,8
lakers,8
lucifermorningstar,8
demon,8
hiphop,8
live,8
munilong,8
forme,8
nbayoungboy,8
oblock,8
sarahjmaas,8
grumpysunshine,8
chico,8
chicolachowski,8
dungeonsanddragons,8
adventure,8
bruja,8
brujeria,8
theatrekid,8
thirdwifeenergy,8
5050relationships,8
hypergamylove,8
jtcnet,7
history,7
fnafmovie,7
memesdaily,7
theatre,7
japan,7
virtualreality,7
pc,7
skit,7
sportstiktok,7
lovestory,7
mama,7
celtics,7
nbafinals,7
outdoors,7
woods,7
templatecapcut,7
worldstar,7
goat,7
behindthescenes,7
2021,7
dallas,7
toji,7
animetiktok,7
lentejas,7
world,7
dogsofttiktok,7
paranormal,7
challenge,7
skincareasmr,7
santa,7
lifeadvice,7
billieeilish,7
sing,7
smartdog,7
trendy,7
journaling,7
barbie,7
girl,7
california,7
miami,7
musica,7
newyork,7
animations,7
education,7
fittok,7
color,7
shopping,7
style,7
goodvibes,7
foryo,7
bdbangladeshtiktok,7
copylink,7
drake,7
rams,7
series,7
boymom,7
caughtoncamera,7
adorable,7
pokemonscarlet,7
pokemonviolet,7
handwriting,7
srt,7
ninja,7
snowman,7
gopro,7
sarfarazsfz,7
rescue,7
furnitureflip,7
curls,7
fight,7
mountain,7
nfledits,7
nickbosa,7
fp,7
hazbin,7
vivziepop,7
ripkobe,7
lsu,7
advicetok,7
fypfound,7
magic,7
crimetok,7
creepypasta,7
scarytiktoks,7
fantasybooks,7
fantasy,7
enemiestoloverstrope,7
bookscenarios,7
bookrec,7
workplaceromance,7
nannyromance,7
pinkpantheress,7
luka,7
coretok,7
mentalhealthawareness,7
leagueoflegends,7
blacklivesmatter,7
decoration,7
tiktokfood,7
sheraseven1,7
goddess,7
goddessenergy,7
adhd,7
rugtiktok,7
childhoodmemories,6
schoollife,6
beach,6
vampire,6
freestyle,6
batman,6
foryoupageofficiall,6
oldfortnite,6
springtrap,6
chef,6
movies,6
mashup,6
news,6
makemefamous,6
illusion,6
eminem,6
gta5,6
yummy,6
views,6
miamidolphins,6
interesting,6
instagram,6
bushcraft,6
holidays,6
feliznavidad,6
ponmeenparatiiiiiiiiiiiiiiiiiiii,6
trickshot,6
fortniteog,6
atlanta,6
emotional,6
ohno,6
foodtok,6
recipe,6
fails,6
vfx,6
jujutsukaisenedit,6
fypdongggggggg,6
ronaldo,6
recommendations,6
demonslayer,6
throwback,6
tiktokviral,6
facemask,6
spaday,6
animalsoftiktok,6
acne,6
snowboarding,6
creature,6
haircareroutine,6
positivity,6
manifestation,6
adele,6
trendingtiktok,6
babymama,6
cutebaby,6
tiktoker,6
sketch,6
rose,6
jennaortega,6
trump,6
unboxing,6
nintendoswitch,6
desksetup,6
hack,6
waitforit,6
easydiy,6
kenshisquad,6
megumifushiguro,6
brunchtok,6
shotoniphone,6
explorepage,6
moto,6
bikelife,6
nft,6
library,6
reader,6
acowar,6
acosf,6
bookclub,6
military,6
soldier,6
modernwarfare,6
guitarpedals,6
musician,6
fortnitedance,6
controller,6
playstation,6
fortnitemythic,6
god,6
bff,6
rainbow6siege,6
superbowllvii,6
fans,6
acapella,6
celebrity,6
wrestlemania,6
rottweiler,6
cry,6
trucks,6
bread,6
twins,6
cleanwithme,6
yerawizard,6
abcxyz,6
doglover,6
satire,6
argentina,6
bluecollar,6
women,6
booksthatmademecry,6
wap,6
thalassophobia,6
hype,6
edutok,6
investing,6
funnydog,6
babytok,6
outfitideas,6
furniture,6
gamesir,6
mexican,6
son,6
jalenhurts,6
erastourtaylorswift,6
cheifs,6
angel,6
charlie,6
hazbinhoteledits,6
alastorcosplay,6
luciferhazbinhotel,6
jordan,6
dallascowboys,6
relationshipadvice,6
lovetok,6
couplestok,6
rottie,6
jakepaul,6
catherinemcbroom,6
futbol,6
youngthug,6
charger,6
gymmotivation,6
bosa,6
kiss,6
hotel,6
mystery,6
aliens,6
conspiracy,6
spicybooks,6
sjm,6
impaulsive,6
snl,6
fransiscolachowski,6
jordanbarrett,6
mogged,6
arsenal,6
singledadtrope,6
spicyromancerecs,6
romancebookstiktok,6
kindleromancebooks,6
romancebookaddict,6
authorashleycade,6
romancebookscenes,6
singleparentromance,6
twistedfate,6
fact,6
publicinterview,6
schoolinterview,6
nichetok,6
pickleballtiktok,6
theskiman,6
griffinlaszlo,6
skateboard,6
zelda,6
toph,6
garden,6
magia,6
victortarot,6
tinyhouse,6
bruh,6
planttiktok,6
andresjerilifecoach,6
saludmental,6
crocodile,6
transitions,6
quincystavern,6
quincys,6
lawncare,6
medical,6
onlyjayus,6
planttok,6
financialfreedom,6
psychologytricks,6
rugs,6
couplestiktok,5
random,5
jonesy,5
chile,5
karen,5
fnafedit,5
fnafmovieedit,5
fivenightsatfreddys,5
paris,5
good,5
youtuber,5
update,5
comic,5
setup,5
gamingsetup,5
space,5
bts,5
army,5
boston,5
warriors,5
crossover,5
overtime,5
outdoorcooking,5
outdor,5
wild,5
mountains,5
adventures,5
pitbull,5
capcutvelocity,5
hazmeviral,5
novios,5
custom,5
cowboy,5
idea,5
goldenretriever,5
cookies,5
pizza,5
thanksgiving,5
iphonetricks,5
tojifushiguro,5
itadoriyuuji,5
ansiedad,5
Viral,5
perrostiktokers,5
holiday,5
pnw,5
coffee,5
flip,5
preppy,5
featureme,5
cakedecorating,5
cowsoftiktok,5
cutepet,5
getreadywithme,5
cattle,5
showertok,5
sound,5
elf,5
green,5
gifts,5
messi,5
film,5
tree,5
door,5
weather,5
teddybear,5
cuddles,5
intelligent,5
training,5
costume,5
thatgirlaesthetic,5
arte,5
michaeljackson,5
chihuahua,5
babyboy,5
arttok,5
trippy,5
ukcomedy,5
pride,5
hellokitty,5
antique,5
techtok,5
bird,5
otaku,5
kansas,5
onlineschool,5
losangeles,5
mushroom,5
friendship,5
fyy,5
hisoka,5
plantsoftiktok,5
dayinmylife,5
joker,5
page,5
design,5
booktoker,5
shein,5
gta,5
mw2,5
onedirection,5
fan,5
xbox,5
queen,5
tiktoknigeria,5
tiktokkenya,5
tiktoksouthafrica,5
epic,5
eldenring,5
fromsoftware,5
streaming,5
lsutigers,5
drink,5
samanthairvin,5
summerslam,5
supermario,5
bodybutter,5
diesel,5
trucksoftiktok,5
tools,5
drama,5
beyonce,5
lamar,5
reptiles,5
students,5
roast,5
teachers,5
teachersontiktok,5
smooth,5
test,5
show,5
organization,5
itgirl,5
r6siege,5
clips,5
rizz,5
poem,5
sisters,5
genderreveal,5
hauntedtiktok,5
girldad,5
paint,5
perro,5
ufc,5
wrestlingtiktok,5
tik_tok,5
reputationtaylorsversion,5
tstheerastour,5
nickbosa97,5
inlamarwetrust,5
bills,5
vaggie,5
husk,5
angeldustedit,5
occosplay,5
theerastour,5
tombrady,5
ksi,5
acefamily,5
levisstadium,5
carwash,5
usa_tiktok,5
mopar,5
squat,5
christianmccaffrey,5
greenbaypackers,5
kittle,5
ninergang,5
bayarea,5
ohiostate,5
scream,5
algorithm,5
haunted,5
romancereader,5
romance,5
billionaireromance,5
possessivebookboyfriends,5
democrat,5
republican,5
cartoon,5
mogg,5
hammermaxxing,5
mog,5
championsleague,5
parejas,5
angstyromancebooks,5
angstyromancereads,5
emotionalromancereads,5
moonbin_sanha,5
moonbin,5
sun,5
xzbcya,5
kaliuchisstan,5
kaliuchistour,5
kaliuchisedits,5
kaliuchisconcert,5
kaliuchistelepatia,5
kaliuchismakeup,5
kaliuchiscl,5
kaliuchismoonlight,5
hogwarts,5
rottweilerpuppy,5
rottielove,5
leaguetiktok,5
ireland,5
standup,5
standupcomedy,5
improv,5
crowdwork,5
mattrife,5
skatergirl,5
wednesdayaddams,5
nftartwork,5
watercolor,5
cottagecoreaesthetic,5
witchyvibes,5
sokka,5
teambrody,5
alternative,5
dessert,5
welder,5
babyanimals,5
gardening,5
parrot,5
healingjourney,5
salud,5
heels,5
study,5
lawn,5
funfacts,5
thirdwife,5
agdpless,5
hypergamyiove,5
hirecoachilled,5
betteryourself,5
woman,5
plantlover,5
adhdtiktok,5
phonefixcraft,5
horrortiktok,5
bitcoin,5
groceries,5
groceryshopping,5
hitdifferent,5
songwriter,5
spells,5
