id,webVideoUrl,hashtags
7305823065395465505,https://www.tiktok.com/@roxsanx/video/7305823065395465505, fyp thirst thirsttrap koolaid koolaidman sugar sleeptoken ohyeah costume meme follower 
7325880229879139614,https://www.tiktok.com/@roguegarms/video/7325880229879139614,chromehearts undercover louisvuitton fitcheck nycfashion rogue 
7315524161563086122,https://www.tiktok.com/@notairjordan/video/7315524161563086122,basketball troll rizz fyp 
7313472512426347819,https://www.tiktok.com/@mike.lin08/video/7313472512426347819,leagueoflegends 英雄联盟 lol tiktok 
7311076205661343022,https://www.tiktok.com/@merchemariposa/video/7311076205661343022,
7309757926384749854,https://www.tiktok.com/@horsemeetdepression/video/7309757926384749854,fyp 
7311773085894495521,https://www.tiktok.com/@therubyhexx/video/7311773085894495521,
7303586857877622062,https://www.tiktok.com/@bennzzo/video/7303586857877622062,stitch  
7309934245668064544,https://www.tiktok.com/@fnatic/video/7309934245668064544,valorant valorantmemes valorantfunny valorantgameplay 
7313981299071503634,https://www.tiktok.com/@alannaxtye/video/7313981299071503634,ilovemybf ldr 
7328585316976037122,https://www.tiktok.com/@13.a.f.t/video/7328585316976037122,monkey snow japan japantravel 
7321060186670648609,https://www.tiktok.com/@marlon.noah/video/7321060186670648609, 
7307684392741227818,https://www.tiktok.com/@_couey_/video/7307684392741227818,pledge pledgetok frat fyp rush 
7312196271928790273,https://www.tiktok.com/@itsmiawaifu/video/7312196271928790273,
7322602879808818478,https://www.tiktok.com/@liammillerr/video/7322602879808818478,
7323241159604620577,https://www.tiktok.com/@.ovivia/video/7323241159604620577,sendthistoyourbestfriend 
7302875158430403873,https://www.tiktok.com/@charlie_the_commentator/video/7302875158430403873,fyp charliethecommentator 
7320471330493730094,https://www.tiktok.com/@y9qu/video/7320471330493730094,
7320425962267577643,https://www.tiktok.com/@laclubpromote/video/7320425962267577643,kakaotalk rizz asianrizz internationalstudent fyp meme funny abg asian wechat 
7317834425872551210,https://www.tiktok.com/@arianatomlinson2323/video/7317834425872551210,
7321954130837409070,https://www.tiktok.com/@sydtrip/video/7321954130837409070, 
7303695727648197934,https://www.tiktok.com/@riot_mortdog/video/7303695727648197934,teamfighttactics tft 
7310799095713647914,https://www.tiktok.com/@_ryandicksonbrk/video/7310799095713647914,
7317504106053127470,https://www.tiktok.com/@momclapper/video/7317504106053127470,fyp pool billiards 8ballpool funny 
7300198318766869791,https://www.tiktok.com/@taty.x503/video/7300198318766869791,greenscreenvideo brother 
7319909197867404576,https://www.tiktok.com/@discovery.cbr/video/7319909197867404576,
7330872958619110699,https://www.tiktok.com/@iyosiasstanaccount/video/7330872958619110699,
7318161140490505515,https://www.tiktok.com/@twobitkobold/video/7318161140490505515,
7318074107189382433,https://www.tiktok.com/@.ovivia/video/7318074107189382433,sendthistoyourbestfriend 
7324150214149836074,https://www.tiktok.com/@overtime/video/7324150214149836074,family dad cute wholesome shoutoutot 
7321608950087011589,https://www.tiktok.com/@mackdadey/video/7321608950087011589,
7323686445779111200,https://www.tiktok.com/@cammytft/video/7323686445779111200,tft teamfighttactics leagueoflegends gaming fyp league foryou tftset10 
7305724001945537794,https://www.tiktok.com/@ruruka_zr/video/7305724001945537794,  運営さん大好き おすすめにのりたい fyp 地雷系女子 トー横界隈 
7321054173242363179,https://www.tiktok.com/@jonybrony/video/7321054173242363179,
7321440392006733088,https://www.tiktok.com/@soulv15/video/7321440392006733088,roblox robloxgame coems blud snapblox scaring brookhaven fyp viral 
7330123763486346539,https://www.tiktok.com/@siejairaa/video/7330123763486346539,ipadcat ipadkid 
7324831127875652894,https://www.tiktok.com/@daundrylay/video/7324831127875652894,
7309599081112898859,https://www.tiktok.com/@fargodiamond/video/7309599081112898859,fyp foryoupage viral explore funny hilarious laugh kids daughter parents comedy 
7323073073496837408,https://www.tiktok.com/@luckydailydecision/video/7323073073496837408,friday decision 
